<?xml version="1.0"?>
<mod>

    <hooks hook_id="lib/" script_path="hooks/">

        <group :script_path="hud/">
		    <post :hook_id="managers/hudmanagerpd2"							:script_path="hudmanagerpd2.lua"/>
		    <post :hook_id="managers/hud/hudteammate"						:script_path="hudteammate.lua"/>
        </group>

		<group :hook_id="tweak_data/"                                   :script_path="tweak_data/">
			<post :hook_id="playertweakdata"								:script_path="playertweakdata.lua"/>
			<post :hook_id="skilltreetweakdata"								:script_path="skilltreetweakdata.lua"/>
			<post :hook_id="tweakdata"										:script_path="tweakdata.lua"/>
			<post :hook_id="upgradestweakdata"								:script_path="upgradestweakdata.lua"/>
        </group>

		<post :hook_id="units/pickups/ammoclip"								:script_path="ammoclip.lua"/>
		<post :hook_id="units/beings/player/playerdamage"					:script_path="playerdamage.lua"/>
		<post :hook_id="managers/playermanager"								:script_path="playermanager.lua"/>
		<post :hook_id="units/beings/player/playermovement"					:script_path="playermovement.lua"/>
		<post :hook_id="units/interactions/interactionext"					:script_path="interactionext.lua"/>
    </hooks>
    
    <hooks hook_id="lib/" script_path="loc/">
		<post :hook_id="managers/localizationmanager"						:script_path="localizationmanager.lua" />
    </hooks>
    
</mod>